event_type,run_time_s,scheduled_time_s,color,key
task_start,0.0,0.0,red,
color_change,4.945954099996015,4.933333333333334,white,
color_change,6.14705969998613,6.133333333333334,black,
color_change,10.012178699951619,10.0,red,
color_change,12.01360049995128,12.0,white,
color_change,15.678609299939126,15.666666666666666,red,
color_change,18.87843369995244,18.866666666666667,white,
color_change,23.546905199997127,23.533333333333335,black,
color_change,25.94564960000571,25.933333333333334,red,
color_change,28.277581200003624,28.266666666666666,white,
color_change,29.81098169996403,29.8,red,
color_change,32.74601909995545,32.733333333333334,black,
color_change,34.54391679994296,34.53333333333333,white,
color_change,35.6105557999108,35.6,red,
color_change,38.8771107000066,38.86666666666667,white,
color_change,42.81035809998866,42.8,black,
color_change,47.409729499951936,47.4,red,
color_change,50.87692509999033,50.86666666666667,black,
color_change,55.0769301999826,55.06666666666667,white,
color_change,59.475747899967246,59.46666666666667,red,
color_change,61.87715149996802,61.86666666666667,white,
color_change,64.67532419995405,64.66666666666667,red,
color_change,69.54173129994888,69.53333333333333,black,
color_change,73.6083678000141,73.6,red,
color_change,76.87666730000637,76.86666666666666,black,
color_change,78.20970249990933,78.19999999999999,white,
color_change,80.74097869999241,80.73333333333332,red,
color_change,85.60875819996,85.59999999999998,white,
color_change,87.34195989998989,87.33333333333331,red,
