Start_pos,Start_dir,Start_col,Block,Trial,Induced_dir,response_pix,response_dva,response_time,fix_valid
lower,right,white,1,1,left,-58.953521580118064,-1.1500900168153736,32.30919250001898,1
lower,left,white,1,2,right,63.03192973119272,1.2296533130075264,32.00719540001592,1
upper,right,black,1,3,right,71.68988641088657,1.3985563619933905,13.827312200010056,1
upper,right,white,1,4,right,62.57201588731786,1.2206811209101158,11.750649699999485,1
upper,left,white,1,5,left,-77.35132843864746,-1.5090021467809553,11.20166550000431,1
lower,right,white,1,6,left,-75.83512657236165,-1.479423445065531,9.232697300001746,1
lower,left,black,1,7,right,55.940587073983664,1.0913124272168526,6.076408299995819,1
lower,right,black,1,8,left,-64.31695660285078,-1.2547221560014934,9.332702400017297,1
lower,right,black,1,9,left,-58.24737440127936,-1.1363142015796197,12.387872400024207,1
upper,left,black,1,10,left,-70.89105764746773,-1.3829724755464303,16.364665199973388,1
upper,right,black,1,11,right,71.18102548878753,1.3886292897716195,11.386316899996018,1
lower,right,white,1,12,left,-100.85641055516712,-1.9675491438402735,11.618921699991915,1
upper,right,white,1,13,right,87.31902996663284,1.703456247412621,16.346751400007633,1
lower,left,white,1,14,right,84.945090967053,1.6571444500718118,20.63866130000679,1
upper,left,black,1,15,left,-76.56839863684446,-1.4937284239432593,19.63672539999243,1
upper,right,black,1,16,right,120.55265677448466,2.3517917732613145,5.811171799985459,1
lower,left,white,1,17,right,86.05494170245062,1.67879588355236,7.444252899993444,1
upper,left,black,1,18,left,-53.33102936064688,-1.0404040812186663,14.573750200012,1
lower,left,black,1,19,right,51.45247838382896,1.0037565211304886,9.132448699994711,1
lower,left,black,1,20,right,95.15970397104351,1.8564154033015823,9.063161099998979,1
lower,right,black,1,21,left,-71.93710008525481,-1.4033791100038682,9.932139299984556,1
upper,left,white,1,22,left,-117.85503733753012,-2.2991654822365755,8.666321099997731,1
upper,right,white,1,23,right,91.99839456619696,1.794743253968866,20.335003499989398,1
upper,left,white,1,24,left,-68.00656210403702,-1.3267005270837808,26.49730659998022,1
lower,left,white,2,25,right,70.54329135107989,1.3761881048262357,30.588280999974813,1
lower,right,black,2,26,left,-65.06063225542722,-1.2692300924377329,65.46949749998748,1
lower,right,black,2,27,left,-67.07164877196712,-1.3084618458145043,10.417787499987753,1
upper,left,black,2,28,left,-78.37667126961406,-1.5290049646296793,8.562705099990126,1
upper,right,black,2,29,right,63.48436718101884,1.2384796524751573,10.870263399992837,1
lower,left,black,2,30,right,66.9264750333723,1.3056297356540492,6.512906699994346,1
upper,left,black,2,31,left,-56.44373241217062,-1.1011279974312562,9.902947599999607,1
upper,left,black,2,32,left,-68.30084516766091,-1.33244152447495,7.998660999990534,1
upper,right,white,2,33,right,89.66771061864793,1.7492752943189036,5.592260700010229,1
upper,left,white,2,34,left,-85.19731606071639,-1.6620649629510698,11.487557000014931,1
lower,left,white,2,35,right,76.4869432545797,1.4921393581937048,15.67763200000627,1
upper,left,white,2,36,left,-82.14903454758314,-1.6025978091198432,13.105776699987473,1
upper,right,white,2,37,right,67.91519253199976,1.3249180511633571,16.010112799995113,1
lower,left,black,2,38,right,86.37120284825937,1.6849656385856862,8.564691799983848,1
upper,right,black,2,39,right,99.8171605328948,1.9472750186725984,6.795352999994066,1
lower,right,black,2,40,left,-71.19434889287089,-1.388889208324669,8.328558100009104,1
lower,left,white,2,41,right,80.84280227206389,1.5771152822164232,4.17443220000132,1
upper,left,white,2,42,left,-69.68866724363673,-1.3595157394143687,6.177435399993556,1
upper,right,white,2,43,right,64.06722960866423,1.2498503770942244,6.7594653999840375,1
lower,right,white,2,44,left,-80.5437644222217,-1.571281526462137,7.84299249999458,1
lower,right,white,2,45,left,-80.38860954823261,-1.5682547001275542,13.071721300017089,1
lower,left,black,2,46,right,94.10871394362331,1.8359122491911732,8.111804400017718,1
upper,right,black,2,47,right,103.50575011233832,2.0192335707275766,9.132672999985516,1
lower,right,white,2,48,left,-63.70574331866101,-1.242798350986109,9.301859400002286,1
