ExpCondition,InitialPosition,InducedPercept,Block,Run,Trial,InitialDirection,resp_ans_1,resp_cont_1,resp_RT_1,resp_cor_1,resp_ans_2,resp_cont_0,resp_RT_0,resp_cont_2,resp_RT_2,resp_cor_2
Illusion,lower,left,1,4,1,left,dec,dec,7.091340700004366,True,,,,,,
Illusion,upper,right,1,4,2,left,inc,,,,inc,,,,,
Illusion,upper,left,1,4,3,right,dec,dec,5.773468500003219,True,,inc,0.0050571000028867275,,,
Perceptual,upper,left,1,4,4,NA,inc,,,,,,,,,
Illusion,lower,right,1,4,5,right,inc,inc,6.470634699995571,True,,,,,,
Perceptual,lower,right,1,4,6,NA,inc,,,,,,,,,
Physical,upper,none,1,4,7,NA,dec,,,,,inc,0.01857870000094408,,,
Perceptual,upper,left,1,4,8,NA,inc,inc,1.9181181999956607,True,dec,,,,,
Illusion,upper,right,1,4,9,left,inc,inc,6.133892099998775,True,,,,,,
Illusion,upper,right,1,4,10,left,inc,inc,6.683339600000181,True,,,,,,
Perceptual,lower,right,1,4,11,NA,inc,dec,3.9642053000061424,,dec,,,,,
Physical,upper,none,1,4,12,NA,dec,,,,,,,,,
Perceptual,lower,left,1,4,13,NA,inc,,,,,,,,,
Perceptual,lower,left,1,4,14,NA,dec,,,,,,,,,
Perceptual,upper,left,1,4,15,NA,inc,inc,7.961616199994751,True,,,,,,
Perceptual,upper,right,1,4,16,NA,dec,dec,1.4930587999988347,True,dec,,,,,
Illusion,lower,left,1,4,17,left,dec,dec,1.5255439000029583,True,dec,,,dec,6.943332399998326,True
Illusion,lower,left,1,4,18,left,inc,inc,3.841791699996975,True,,,,,,
Physical,upper,none,1,4,19,NA,dec,dec,3.741070200005197,True,,,,,,
Illusion,upper,left,1,4,20,right,inc,,,,,,,,,
Illusion,lower,right,1,4,21,right,inc,,,,,inc,0.004164599995419849,,,
Physical,lower,none,1,4,22,NA,dec,dec,3.753884999998263,True,,inc,0.0199540999965393,,,
Perceptual,lower,left,1,4,23,NA,inc,dec,5.153909900000144,,,,,,,
Perceptual,lower,right,1,4,24,NA,dec,,,,,,,,,
Perceptual,upper,right,1,4,25,NA,dec,,,,,,,,,
Illusion,upper,left,1,4,26,right,inc,,,,,dec,0.016609499994956423,,,
Physical,lower,none,1,4,27,NA,inc,dec,1.8011544999972102,,dec,,,,,
Perceptual,upper,right,1,4,28,NA,inc,dec,7.566394899993611,,,,,,,
Physical,lower,none,1,4,29,NA,dec,,,,,,,,,
Illusion,lower,right,1,4,30,right,inc,,,,,,,,,
