ExpCondition,InitialPosition,InducedPercept,Block,Run,Trial,InitialDirection,response_pix,response_dva,response_time
Illusion,lower,left,1,1,1,left,11.51825351318635,0.11430421202876731,42.59805430000415
Illusion,upper,right,1,1,2,left,-8.851698238686174,-0.0878419971509687,12.232647600001656
Illusion,lower,right,1,1,3,right,-27.60073251350162,-0.2739026344367924,15.665377600002103
Illusion,lower,right,1,1,4,right,-3.3336080715546608,-0.03308187681366492,16.063973799995438
Illusion,upper,left,1,1,5,right,20.838805555399453,0.20679899482188938,14.282199699999182
Illusion,lower,right,1,1,6,right,-15.286436579306061,-0.15169870032162014,14.482018100003188
Illusion,upper,left,1,1,7,right,44.74358388581452,0.44402392199095325,14.532022400002461
Illusion,upper,right,1,1,8,left,-34.193378358174556,-0.33932637142932925,16.398855799998273
Illusion,upper,right,1,1,9,left,0.5018688911528209,0.004980418956684781,12.782483200004208
Illusion,lower,right,1,1,10,right,-46.9270107630602,-0.46569169379683345,13.89887070000259
Illusion,upper,right,1,1,11,left,-13.535318175332248,-0.1343210476153178,14.015819399995962
Illusion,lower,left,1,1,12,left,74.35836956562764,0.7379135066972222,12.199151000000711
Illusion,upper,left,1,1,13,right,38.4948355097549,0.3820129358224481,14.86520290000044
Illusion,lower,left,1,1,14,left,0.5520713761411393,0.0054786156218221095,13.61588550000306
Illusion,upper,left,1,1,15,right,24.007671191452904,0.23824600969610246,11.33166259999416
Illusion,lower,left,1,1,16,left,24.90249567179361,0.24712601976119614,12.881872400001157
