Start_pos,Start_dir,Start_col,Block,Trial,Induced_dir
upper,left,black,1,1,left
lower,left,white,1,2,right
upper,right,black,1,3,right
lower,right,black,1,4,left
upper,left,white,1,5,left
upper,left,black,1,6,left
lower,left,black,1,7,right
lower,left,white,1,8,right
upper,right,white,1,9,right
lower,right,white,1,10,left
upper,right,black,1,11,right
lower,left,white,1,12,right
upper,left,white,1,13,left
lower,left,black,1,14,right
lower,right,white,1,15,left
upper,left,black,1,16,left
lower,right,white,1,17,left
lower,right,black,1,18,left
upper,right,white,1,19,right
upper,right,black,1,20,right
upper,right,white,1,21,right
lower,right,black,1,22,left
lower,left,black,1,23,right
upper,left,white,1,24,left
lower,right,white,2,25,left
lower,right,white,2,26,left
lower,left,black,2,27,right
lower,left,black,2,28,right
lower,right,black,2,29,left
upper,left,black,2,30,left
lower,left,white,2,31,right
upper,left,white,2,32,left
lower,left,black,2,33,right
upper,right,black,2,34,right
lower,right,black,2,35,left
upper,left,white,2,36,left
upper,left,black,2,37,left
upper,left,white,2,38,left
lower,right,black,2,39,left
upper,right,white,2,40,right
lower,left,white,2,41,right
lower,right,white,2,42,left
upper,right,white,2,43,right
upper,right,white,2,44,right
upper,right,black,2,45,right
upper,right,black,2,46,right
upper,left,black,2,47,left
lower,left,white,2,48,right
