Start_pos,Start_dir,Start_col,Block,response_dva,response_time,TrialNumber
upper,left,white,1,-0.25,3.432058899998083,1
upper,right,white,1,0.25000000000000006,1.8514414000092074,2
lower,right,white,1,-0.29000000000000004,2.9995019999914803,3
upper,left,black,1,-0.28,1.9823829000088153,4
lower,right,black,1,-0.17,1.532997999995132,5
lower,left,white,1,0.19,1.9649629999912577,6
upper,right,black,1,0.19000000000000006,2.849860100002843,7
lower,left,black,1,0.22000000000000008,2.6330924999929266,8
upper,right,white,2,0.12999999999999998,1.817235199996503,9
upper,right,black,2,-0.05000000000000003,2.0505087000055937,10
lower,left,white,2,0.26000000000000006,3.3302763999963645,11
lower,right,white,2,-0.3100000000000001,6.684008899988839,12
upper,left,white,2,-0.29,2.31583929999033,13
upper,left,black,2,-0.30000000000000004,1.9487426999985473,14
lower,right,black,2,-0.33000000000000007,1.9152325000031851,15
lower,left,black,2,0.4200000000000001,2.599541699994006,16
upper,left,white,1,-0.2900000000000001,2.2665298999927472,17
upper,right,white,1,0.26,2.219368599995505,18
lower,right,white,1,-0.31000000000000005,1.6487917000049492,19
upper,left,black,1,-0.29000000000000004,1.6994913999951677,20
lower,right,black,1,-0.28,2.047414300002856,21
lower,left,white,1,0.2800000000000001,2.4815881999966223,22
upper,right,black,1,0.21000000000000005,1.446529399996507,23
lower,left,black,1,0.27,1.6993527000013273,24
upper,right,white,2,0.43000000000000016,2.200836000003619,25
upper,right,black,2,0.3800000000000001,2.499566300000879,26
lower,left,white,2,0.36,1.7325637999892933,27
lower,right,white,2,-0.55,2.714487700010068,28
upper,left,white,2,-0.6100000000000001,2.600187799995183,29
upper,left,black,2,-0.5400000000000001,1.7835335999989184,30
lower,right,black,2,-0.5499999999999999,1.7674266999965766,31
lower,left,black,2,0.6000000000000002,2.298387200004072,32
