ExpCondition,InitialPosition,InducedPercept,InitialDirection,Block,Run,Trial
Perceptual,upper,right,NA,1,10,1
Veridical,lower,none,NA,1,10,2
FrameOnly,NA,none,right,1,10,3
FIPS,upper,left,right,1,10,4
Perceptual,upper,left,NA,1,10,5
FrameOnly,NA,none,left,1,10,6
FIPS,upper,right,left,1,10,7
Veridical,upper,none,NA,1,10,8
FrameOnly,NA,none,left,2,10,9
Perceptual,lower,left,NA,2,10,10
Veridical,upper,none,NA,2,10,11
Veridical,lower,none,NA,2,10,12
Perceptual,lower,right,NA,2,10,13
FIPS,lower,left,left,2,10,14
FrameOnly,NA,none,right,2,10,15
FIPS,lower,right,right,2,10,16
Veridical,upper,none,NA,3,10,17
FIPS,lower,left,left,3,10,18
Perceptual,lower,left,NA,3,10,19
FrameOnly,NA,none,right,3,10,20
FrameOnly,NA,none,left,3,10,21
Perceptual,upper,right,NA,3,10,22
Veridical,lower,none,NA,3,10,23
FIPS,upper,right,left,3,10,24
